title,link,reviewers_count
肖申克的救赎,https://movie.douban.com/subject/1292052/,12984
霸王别姬,https://movie.douban.com/subject/1291546/,9763
阿甘正传,https://movie.douban.com/subject/1292720/,6946
这个杀手不太冷,https://movie.douban.com/subject/1295644/,5977
泰坦尼克号,https://movie.douban.com/subject/1292722/,8502
美丽人生,https://movie.douban.com/subject/1292063/,5454
千与千寻,https://movie.douban.com/subject/1291561/,7031
辛德勒的名单,https://movie.douban.com/subject/1295124/,3080
盗梦空间,https://movie.douban.com/subject/3541415/,6684
忠犬八公的故事,https://movie.douban.com/subject/3011091/,4289
星际穿越,https://movie.douban.com/subject/1889243/,7104
楚门的世界,https://movie.douban.com/subject/1292064/,7433
海上钢琴师,https://movie.douban.com/subject/1292001/,10098
三傻大闹宝莱坞,https://movie.douban.com/subject/3793023/,5109
机器人总动员,https://movie.douban.com/subject/2131459/,3137
放牛班的春天,https://movie.douban.com/subject/1291549/,3728
大话西游之大圣娶亲,https://movie.douban.com/subject/1292213/,4721
疯狂动物城,https://movie.douban.com/subject/25662329/,4270
无间道,https://movie.douban.com/subject/1307914/,1874
熔炉,https://movie.douban.com/subject/5912992/,4159
教父,https://movie.douban.com/subject/1291841/,2158
当幸福来敲门,https://movie.douban.com/subject/1849031/,4825
龙猫,https://movie.douban.com/subject/1291560/,2664
怦然心动,https://movie.douban.com/subject/3319755/,7450
控方证人,https://movie.douban.com/subject/1296141/,1349
触不可及,https://movie.douban.com/subject/6786002/,3286
蝙蝠侠：黑暗骑士,https://movie.douban.com/subject/1851857/,2527
末代皇帝,https://movie.douban.com/subject/1293172/,3112
寻梦环游记,https://movie.douban.com/subject/20495023/,7344
活着,https://movie.douban.com/subject/1292365/,2949
何以为家,https://movie.douban.com/subject/30170448/,4947
乱世佳人,https://movie.douban.com/subject/1300267/,2873
指环王3：王者无敌,https://movie.douban.com/subject/1291552/,1071
哈利·波特与魔法石,https://movie.douban.com/subject/1295038/,1268
飞屋环游记,https://movie.douban.com/subject/2129039/,3030
摔跤吧！爸爸,https://movie.douban.com/subject/26387939/,8484
素媛,https://movie.douban.com/subject/21937452/,2193
少年派的奇幻漂流,https://movie.douban.com/subject/1929463/,7627
十二怒汉,https://movie.douban.com/subject/1293182/,2354
哈尔的移动城堡,https://movie.douban.com/subject/1308807/,2247
鬼子来了,https://movie.douban.com/subject/1291858/,1751
我不是药神,https://movie.douban.com/subject/26752088/,17114
大话西游之月光宝盒,https://movie.douban.com/subject/1299398/,1083
天空之城,https://movie.douban.com/subject/1291583/,1755
闻香识女人,https://movie.douban.com/subject/1298624/,3365
罗马假日,https://movie.douban.com/subject/1293839/,1812
辩护人,https://movie.douban.com/subject/21937445/,1951
天堂电影院,https://movie.douban.com/subject/1291828/,3320
猫鼠游戏,https://movie.douban.com/subject/1305487/,1618
指环王2：双塔奇兵,https://movie.douban.com/subject/1291572/,490
大闹天宫,https://movie.douban.com/subject/1418019/,268
指环王1：护戒使者,https://movie.douban.com/subject/1291571/,960
钢琴家,https://movie.douban.com/subject/1296736/,1878
狮子王,https://movie.douban.com/subject/1301753/,616
教父2,https://movie.douban.com/subject/1299131/,598
搏击俱乐部,https://movie.douban.com/subject/1292000/,3036
死亡诗社,https://movie.douban.com/subject/1291548/,5376
黑客帝国,https://movie.douban.com/subject/1291843/,1435
让子弹飞,https://movie.douban.com/subject/3742360/,5225
绿皮书,https://movie.douban.com/subject/27060077/,7461
饮食男女,https://movie.douban.com/subject/1291818/,2531
美丽心灵,https://movie.douban.com/subject/1306029/,2586
窃听风暴,https://movie.douban.com/subject/1900841/,2401
海蒂和爷爷,https://movie.douban.com/subject/25958717/,2684
两杆大烟枪,https://movie.douban.com/subject/1293350/,870
本杰明·巴顿奇事,https://movie.douban.com/subject/1485260/,4501
看不见的客人,https://movie.douban.com/subject/26580232/,3012
飞越疯人院,https://movie.douban.com/subject/1292224/,2621
西西里的美丽传说,https://movie.douban.com/subject/1292402/,4214
穿条纹睡衣的男孩,https://movie.douban.com/subject/3008247/,1986
拯救大兵瑞恩,https://movie.douban.com/subject/1292849/,1147
小鞋子,https://movie.douban.com/subject/1303021/,1967
音乐之声,https://movie.douban.com/subject/1294408/,695
情书,https://movie.douban.com/subject/1292220/,7449
海豚湾,https://movie.douban.com/subject/3442220/,1960
阿凡达,https://movie.douban.com/subject/1652587/,5220
致命魔术,https://movie.douban.com/subject/1780330/,1922
美国往事,https://movie.douban.com/subject/1292262/,1693
沉默的羔羊,https://movie.douban.com/subject/1293544/,1304
禁闭岛,https://movie.douban.com/subject/2334904/,2147
蝴蝶效应,https://movie.douban.com/subject/1292343/,3071
低俗小说,https://movie.douban.com/subject/1291832/,1781
心灵捕手,https://movie.douban.com/subject/1292656/,3315
布达佩斯大饭店,https://movie.douban.com/subject/11525673/,1692
七宗罪,https://movie.douban.com/subject/1292223/,2103
春光乍泄,https://movie.douban.com/subject/1292679/,2878
哈利·波特与死亡圣器(下),https://movie.douban.com/subject/3011235/,2258
摩登时代,https://movie.douban.com/subject/1294371/,707
被嫌弃的松子的一生,https://movie.douban.com/subject/1787291/,7797
喜剧之王,https://movie.douban.com/subject/1302425/,1715
致命ID,https://movie.douban.com/subject/1297192/,1213
杀人回忆,https://movie.douban.com/subject/1300299/,1696
加勒比海盗,https://movie.douban.com/subject/1298070/,521
剪刀手爱德华,https://movie.douban.com/subject/1292370/,2323
勇敢的心,https://movie.douban.com/subject/1294639/,1234
狩猎,https://movie.douban.com/subject/6985810/,2434
请以你的名字呼唤我,https://movie.douban.com/subject/26799731/,4841
红辣椒,https://movie.douban.com/subject/1865703/,1011
断背山,https://movie.douban.com/subject/1418834/,2737
7号房的礼物,https://movie.douban.com/subject/10777687/,1344
天使爱美丽,https://movie.douban.com/subject/1292215/,2954
幽灵公主,https://movie.douban.com/subject/1297359/,1040
小森林 夏秋篇,https://movie.douban.com/subject/25814705/,1334
第六感,https://movie.douban.com/subject/1297630/,1057
阳光灿烂的日子,https://movie.douban.com/subject/1291875/,1962
重庆森林,https://movie.douban.com/subject/1291999/,2861
超脱,https://movie.douban.com/subject/5322596/,3635
唐伯虎点秋香,https://movie.douban.com/subject/1306249/,570
功夫,https://movie.douban.com/subject/1291543/,1085
爱在黎明破晓前,https://movie.douban.com/subject/1296339/,3403
小森林 冬春篇,https://movie.douban.com/subject/25814707/,1167
一一,https://movie.douban.com/subject/1292434/,3868
蝙蝠侠：黑暗骑士崛起,https://movie.douban.com/subject/3395373/,1959
人生果实,https://movie.douban.com/subject/26874505/,1418
入殓师,https://movie.douban.com/subject/2149806/,4616
菊次郎的夏天,https://movie.douban.com/subject/1293359/,2342
消失的爱人,https://movie.douban.com/subject/21318488/,2714
无人知晓,https://movie.douban.com/subject/1292337/,1499
倩女幽魂,https://movie.douban.com/subject/1297447/,828
侧耳倾听,https://movie.douban.com/subject/1297052/,1714
超能陆战队,https://movie.douban.com/subject/11026735/,1004
哈利·波特与阿兹卡班的囚徒,https://movie.douban.com/subject/1291544/,410
甜蜜蜜,https://movie.douban.com/subject/1305164/,2669
借东西的小人阿莉埃蒂,https://movie.douban.com/subject/4202302/,1314
完美的世界,https://movie.douban.com/subject/1300992/,1142
萤火之森,https://movie.douban.com/subject/5989818/,1205
爱在日落黄昏时,https://movie.douban.com/subject/1291990/,2671
驯龙高手,https://movie.douban.com/subject/2353023/,918
玛丽和马克思,https://movie.douban.com/subject/3072124/,20
幸福终点站,https://movie.douban.com/subject/1292274/,1365
告白,https://movie.douban.com/subject/4268598/,3114
大鱼,https://movie.douban.com/subject/1291545/,2371
射雕英雄传之东成西就,https://movie.douban.com/subject/1316510/,474
阳光姐妹淘,https://movie.douban.com/subject/4917726/,1963
天书奇谭,https://movie.douban.com/subject/1428581/,388
哈利·波特与密室,https://movie.douban.com/subject/1296996/,19
怪兽电力公司,https://movie.douban.com/subject/1291579/,382
恐怖直播,https://movie.douban.com/subject/21360417/,1283
神偷奶爸,https://movie.douban.com/subject/3287562/,640
时空恋旅人,https://movie.douban.com/subject/10577869/,2493
傲慢与偏见,https://movie.douban.com/subject/1418200/,2518
玩具总动员3,https://movie.douban.com/subject/1858711/,1112
教父3,https://movie.douban.com/subject/1294240/,616
釜山行,https://movie.douban.com/subject/25986180/,4796
血战钢锯岭,https://movie.douban.com/subject/26325320/,4049
哪吒闹海,https://movie.douban.com/subject/1307315/,249
一个叫欧维的男人决定去死,https://movie.douban.com/subject/26628357/,2163
被解救的姜戈,https://movie.douban.com/subject/6307447/,1321
七武士,https://movie.douban.com/subject/1295399/,790
喜宴,https://movie.douban.com/subject/1303037/,1327
电锯惊魂,https://movie.douban.com/subject/1417598/,673
我是山姆,https://movie.douban.com/subject/1306861/,1000
头号玩家,https://movie.douban.com/subject/4920389/,6346
未麻的部屋,https://movie.douban.com/subject/1395091/,900
风之谷,https://movie.douban.com/subject/1291585/,594
英雄本色,https://movie.douban.com/subject/1297574/,737
上帝之城,https://movie.douban.com/subject/1292208/,716
谍影重重3,https://movie.douban.com/subject/1578507/,447
疯狂原始人,https://movie.douban.com/subject/1907966/,1085
卢旺达饭店,https://movie.douban.com/subject/1291822/,965
三块广告牌,https://movie.douban.com/subject/26611804/,4176
花样年华,https://movie.douban.com/subject/1291557/,2311
纵横四海,https://movie.douban.com/subject/1295409/,467
新世界,https://movie.douban.com/subject/10437779/,1159
模仿游戏,https://movie.douban.com/subject/10463953/,1696
达拉斯买家俱乐部,https://movie.douban.com/subject/1793929/,847
黑客帝国3：矩阵革命,https://movie.douban.com/subject/1302467/,519
岁月神偷,https://movie.douban.com/subject/3792799/,2963
心迷宫,https://movie.douban.com/subject/25917973/,1552
头脑特工队,https://movie.douban.com/subject/10533913/,1623
记忆碎片,https://movie.douban.com/subject/1304447/,1560
你的名字。,https://movie.douban.com/subject/26683290/,20
忠犬八公物语,https://movie.douban.com/subject/1959195/,425
荒蛮故事,https://movie.douban.com/subject/24750126/,1116
海街日记,https://movie.douban.com/subject/25895901/,1698
真爱至上,https://movie.douban.com/subject/1292401/,1926
爆裂鼓手,https://movie.douban.com/subject/25773932/,2524
贫民窟的百万富翁,https://movie.douban.com/subject/2209573/,2853
寄生虫,https://movie.douban.com/subject/27010768/,7865
东邪西毒,https://movie.douban.com/subject/1292328/,2036
萤火虫之墓,https://movie.douban.com/subject/1293318/,1586
惊魂记,https://movie.douban.com/subject/1293181/,573
黑天鹅,https://movie.douban.com/subject/1978709/,2490
哈利·波特与火焰杯,https://movie.douban.com/subject/1309055/,386
无敌破坏王,https://movie.douban.com/subject/6534248/,706
绿里奇迹,https://movie.douban.com/subject/1300374/,903
小偷家族,https://movie.douban.com/subject/27622447/,4372
你看起来好像很好吃,https://movie.douban.com/subject/4848115/,465
冰川时代,https://movie.douban.com/subject/1291578/,284
爱在午夜降临前,https://movie.douban.com/subject/10808442/,1896
雨人,https://movie.douban.com/subject/1291870/,783
九品芝麻官,https://movie.douban.com/subject/1297518/,297
恋恋笔记本,https://movie.douban.com/subject/1309163/,2888
疯狂的石头,https://movie.douban.com/subject/1862151/,948
恐怖游轮,https://movie.douban.com/subject/3011051/,2277
奇迹男孩,https://movie.douban.com/subject/26787574/,2962
雨中曲,https://movie.douban.com/subject/1293460/,418
魔女宅急便,https://movie.douban.com/subject/1307811/,804
二十二,https://movie.douban.com/subject/26430107/,3787
虎口脱险,https://movie.douban.com/subject/1296909/,220
海边的曼彻斯特,https://movie.douban.com/subject/25980443/,3850
2001太空漫游,https://movie.douban.com/subject/1292226/,1390
色，戒,https://movie.douban.com/subject/1828115/,4774
人工智能,https://movie.douban.com/subject/1302827/,1614
房间,https://movie.douban.com/subject/25724855/,1571
城市之光,https://movie.douban.com/subject/1293908/,296
可可西里,https://movie.douban.com/subject/1308857/,966
罗生门,https://movie.douban.com/subject/1291879/,1619
终结者2：审判日,https://movie.douban.com/subject/1291844/,302
初恋这件小事,https://movie.douban.com/subject/4739952/,4297
大佛普拉斯,https://movie.douban.com/subject/27059130/,1852
波西米亚狂想曲,https://movie.douban.com/subject/5300054/,1707
遗愿清单,https://movie.douban.com/subject/1867345/,1816
牯岭街少年杀人事件,https://movie.douban.com/subject/1292329/,1925
魂断蓝桥,https://movie.douban.com/subject/1293964/,787
源代码,https://movie.douban.com/subject/3075287/,2563
新龙门客栈,https://movie.douban.com/subject/1292287/,517
青蛇,https://movie.douban.com/subject/1303394/,1550
疯狂的麦克斯4：狂暴之路,https://movie.douban.com/subject/3592854/,715
无耻混蛋,https://movie.douban.com/subject/1438652/,1027
血钻,https://movie.douban.com/subject/1428175/,853
步履不停,https://movie.douban.com/subject/2222996/,1563
燃情岁月,https://movie.douban.com/subject/1295865/,1541
海洋,https://movie.douban.com/subject/3443389/,614
东京教父,https://movie.douban.com/subject/1310177/,421
穿越时空的少女,https://movie.douban.com/subject/1937946/,1287
谍影重重2,https://movie.douban.com/subject/1308767/,217
彗星来的那一夜,https://movie.douban.com/subject/25807345/,1183
阿飞正传,https://movie.douban.com/subject/1305690/,1797
战争之王,https://movie.douban.com/subject/1419936/,692
无间道2,https://movie.douban.com/subject/1307106/,514
地球上的星星,https://movie.douban.com/subject/2363506/,1155
完美陌生人,https://movie.douban.com/subject/26614893/,2622
谍影重重,https://movie.douban.com/subject/1304102/,392
香水,https://movie.douban.com/subject/1760622/,2784
千钧一发,https://movie.douban.com/subject/1300117/,974
黑客帝国2：重装上阵,https://movie.douban.com/subject/1304141/,254
东京物语,https://movie.douban.com/subject/1291568/,1049
崖上的波妞,https://movie.douban.com/subject/1959877/,1369
再次出发之纽约遇见你,https://movie.douban.com/subject/6874403/,1424
朗读者,https://movie.douban.com/subject/2213597/,3416
我爱你,https://movie.douban.com/subject/5908478/,1057
驴得水,https://movie.douban.com/subject/25921812/,7039
猜火车,https://movie.douban.com/subject/1292528/,1309
聚焦,https://movie.douban.com/subject/25954475/,1082
浪潮,https://movie.douban.com/subject/2297265/,1760
小萝莉的猴神大叔,https://movie.douban.com/subject/26393561/,2279
追随,https://movie.douban.com/subject/1397546/,383
网络谜踪,https://movie.douban.com/subject/27615441/,1102
黑鹰坠落,https://movie.douban.com/subject/1291824/,508
